Event Attendance By Event,,,,,,,,
,,,,,,,,
Digital Tech x Sustainability  with Alibaba Cloud,,,,,,,,
Start Date,8/30/2024,,,,,,,
End Date,8/30/2024,,,,,,,
First Name,Last Name,Campus Email,Preferred Email,Attendance Status,Marked By,Marked On,Comments,Card ID Number
John,Doe,john.doe@campus.edu,johndoe@gmail.com,Present,Admin,23/8/2024,,A1234567B
Alice,Johnson,alice.j@campus.edu,alicejohnson@outlook.com,Present,Admin,23/8/2024,Participated online,A3456789D
Charlie,Williams,charlie.w@campus.edu,charliew@gmail.com,Present,Admin,23/8/2024,,A5678901F
Diana,Miller,diana.m@campus.edu,dianamiller@gmail.com,Present,Admin,23/8/2024,,A6789012G
Emma,Davis,emma.d@campus.edu,emmadavis@yahoo.com,Present,Admin,23/8/2024,,A7890123H
